compound,rt,inchi
Dichlorvos,21.4,"InChI=1S/C4H7Cl2O4P/c1-8-11(7,9-2)10-3-4(5)6/h3H,1-2H3"
Azinphos-methyl,24.1,"InChI=1S/C10H12N3O3PS2/c1-15-17(18,16-2)19-7-13-10(14)8-5-3-4-6-9(8)11-12-13/h3-6H,7H2,1-2H3"
Dimethoate,18.5,"InChI=1S/C5H12NO3PS2/c1-6-5(7)4-12-10(11,8-2)9-3/h4H2,1-3H3,(H,6,7)"
Diuron,23.8,"InChI=1S/C9H10Cl2N2O/c1-13(2)9(14)12-6-3-4-7(10)8(11)5-6/h3-5H,1-2H3,(H,12,14)"
Isoproturon,23.4,"InChI=1S/C12H18N2O/c1-9(2)10-5-7-11(8-6-10)13-12(15)14(3)4/h5-9H,1-4H3,(H,13,15)"
Diazinon,26.3,"InChI=1S/C12H21N2O3PS/c1-6-15-18(19,16-7-2)17-11-8-10(5)13-12(14-11)9(3)4/h8-9H,6-7H2,1-5H3"
Chlorotoluron,22.9,"InChI=1S/C10H13ClN2O/c1-7-4-5-8(6-9(7)11)12-10(14)13(2)3/h4-6H,1-3H3,(H,12,14)"
2-Aminobenzimidazole,8.4,"InChI=1S/C7H7N3/c8-7-9-5-3-1-2-4-6(5)10-7/h1-4H,(H3,8,9,10)"
Imazalil,21.3,"InChI=1S/C14H14Cl2N2O/c1-2-7-19-14(9-18-6-5-17-10-18)12-4-3-11(15)8-13(12)16/h2-6,8,10,14H,1,7,9H2"
Diflufenican,26.8,"InChI=1S/C19H11F5N2O2/c20-12-6-7-16(15(21)10-12)26-17(27)14-5-2-8-25-18(14)28-13-4-1-3-11(9-13)19(22,23)24/h1-10H,(H,26,27)"
Flusilazole,25.6,"InChI=1S/C16H15F2N3Si/c1-22(12-21-11-19-10-20-21,15-6-2-13(17)3-7-15)16-8-4-14(18)5-9-16/h2-11H,12H2,1H3"
Trifloxystrobin,26.7,"InChI=1S/C20H19F3N2O4/c1-13(14-8-6-9-16(11-14)20(21,22)23)24-29-12-15-7-4-5-10-17(15)18(25-28-3)19(26)27-2/h4-11H,12H2,1-3H3"
Sulcotrione,21.3,"InChI=1S/C14H13ClO5S/c1-21(19,20)8-5-6-9(10(15)7-8)14(18)13-11(16)3-2-4-12(13)17/h5-7,13H,2-4H2,1H3"
Propoxycarbazone,22.3,"InChI=1S/C15H18N4O7S/c1-4-9-26-14-16-19(15(22)18(14)2)13(21)17-27(23,24)11-8-6-5-7-10(11)12(20)25-3/h5-8H,4,9H2,1-3H3,(H,17,21)"
Thiabendazole,15.5,"InChI=1S/C10H7N3S/c1-2-4-8-7(3-1)12-10(13-8)9-5-14-6-11-9/h1-6H,(H,12,13)"
Ethofumesate,24.2,"InChI=1S/C13H18O5S/c1-5-16-12-13(2,3)10-8-9(18-19(4,14)15)6-7-11(10)17-12/h6-8,12H,5H2,1-4H3"
Metamitron,17.8,"InChI=1S/C10H10N4O/c1-7-12-13-9(10(15)14(7)11)8-5-3-2-4-6-8/h2-6H,11H2,1H3"
Chloridazon,18.6,"InChI=1S/C10H8ClN3O/c11-9-8(12)6-13-14(10(9)15)7-4-2-1-3-5-7/h1-6H,12H2"
Spiroxamine,22.9,"InChI=1S/C18H35NO2/c1-6-12-19(7-2)13-16-14-20-18(21-16)10-8-15(9-11-18)17(3,4)5/h15-16H,6-14H2,1-5H3"
Pyrazophos,26.6,"InChI=1S/C14H20N3O5PS/c1-5-19-14(18)11-9-17-12(15-10(11)4)8-13(16-17)22-23(24,20-6-2)21-7-3/h8-9H,5-7H2,1-4H3"
Simetryn,20.1,"InChI=1S/C8H15N5S/c1-4-9-6-11-7(10-5-2)13-8(12-6)14-3/h4-5H2,1-3H3,(H2,9,10,11,12,13)"
Azoxystrobin,24.1,"InChI=1S/C22H17N3O5/c1-27-13-17(22(26)28-2)16-8-4-6-10-19(16)30-21-11-20(24-14-25-21)29-18-9-5-3-7-15(18)12-23/h3-11,13-14H,1-2H3"
Fenpropimorph,22.4,"InChI=1S/C20H33NO/c1-15(12-21-13-16(2)22-17(3)14-21)11-18-7-9-19(10-8-18)20(4,5)6/h7-10,15-17H,11-14H2,1-6H3"
Desethyl atrazine,19.2,"InChI=1S/C6H10ClN5/c1-3(2)9-6-11-4(7)10-5(8)12-6/h3H,1-2H3,(H3,8,9,10,11,12)"
Desethylterbutylazine,21.9,"InChI=1S/C7H12ClN5/c1-7(2,3)13-6-11-4(8)10-5(9)12-6/h1-3H3,(H3,9,10,11,12,13)"
Ethion,27.5,"InChI=1S/C9H22O4P2S4/c1-5-10-14(16,11-6-2)18-9-19-15(17,12-7-3)13-8-4/h5-9H2,1-4H3"
Pirimiphos-methyl,26.2,"InChI=1S/C11H20N3O3PS/c1-6-14(7-2)11-12-9(3)8-10(13-11)17-18(19,15-4)16-5/h8H,6-7H2,1-5H3"
Desisopropyl atrazine,16.3,"InChI=1S/C5H8ClN5/c1-2-8-5-10-3(6)9-4(7)11-5/h2H2,1H3,(H3,7,8,9,10,11)"
Linuron,24.6,"InChI=1S/C9H10Cl2N2O2/c1-13(15-2)9(14)12-6-3-4-7(10)8(11)5-6/h3-5H,1-2H3,(H,12,14)"
Terbuthylazine,24.7,"InChI=1S/C9H16ClN5/c1-5-11-7-12-6(10)13-8(14-7)15-9(2,3)4/h5H2,1-4H3,(H2,11,12,13,14,15)"
Atrazine,23.3,"InChI=1S/C8H14ClN5/c1-4-10-7-12-6(9)13-8(14-7)11-5(2)3/h5H,4H2,1-3H3,(H2,10,11,12,13,14)"
Irgarol,24.0,"InChI=1S/C11H19N5S/c1-11(2,3)16-9-13-8(12-7-5-6-7)14-10(15-9)17-4/h7H,5-6H2,1-4H3,(H2,12,13,14,15,16)"
Propiconazole,26.1,"InChI=1S/C15H17Cl2N3O2/c1-2-3-12-7-21-15(22-12,8-20-10-18-9-19-20)13-5-4-11(16)6-14(13)17/h4-6,9-10,12H,2-3,7-8H2,1H3"
Metazachlor,23.0,"InChI=1S/C14H16ClN3O/c1-11-5-3-6-12(2)14(11)18(13(19)9-15)10-17-8-4-7-16-17/h3-8H,9-10H2,1-2H3"
Prometryn,23.2,"InChI=1S/C10H19N5S/c1-6(2)11-8-13-9(12-7(3)4)15-10(14-8)16-5/h6-7H,1-5H3,(H2,11,12,13,14,15)"
Chlorfenvinphos,26.1,"InChI=1S/C12H14Cl3O4P/c1-3-17-20(16,18-4-2)19-12(8-13)10-6-5-9(14)7-11(10)15/h5-8H,3-4H2,1-2H3"
Pirimicarb,17.5,InChI=1S/C11H18N4O2/c1-7-8(2)12-10(14(3)4)13-9(7)17-11(16)15(5)6/h1-6H3
Metolachlor,25.5,"InChI=1S/C15H22ClNO2/c1-5-13-8-6-7-11(2)15(13)17(14(18)9-16)12(3)10-19-4/h6-8,12H,5,9-10H2,1-4H3"
Simazine,21.9,"InChI=1S/C7H12ClN5/c1-3-9-6-11-5(8)12-7(13-6)10-4-2/h3-4H2,1-2H3,(H2,9,10,11,12,13)"
Warfarin,24.7,"InChI=1S/C19H16O4/c1-12(20)11-15(13-7-3-2-4-8-13)17-18(21)14-9-5-6-10-16(14)23-19(17)22/h2-10,15,21H,11H2,1H3"
Tebuconazol,25.9,"InChI=1S/C16H22ClN3O/c1-15(2,3)16(21,10-20-12-18-11-19-20)9-8-13-4-6-14(17)7-5-13/h4-7,11-12,21H,8-10H2,1-3H3"
Thiacloprid,19.6,"InChI=1S/C10H9ClN4S/c11-9-2-1-8(5-13-9)6-15-3-4-16-10(15)14-7-12/h1-2,5H,3-4,6H2"
Fenuron,18.0,"InChI=1S/C9H12N2O/c1-11(2)9(12)10-8-6-4-3-5-7-8/h3-7H,1-2H3,(H,10,12)"
Chloroxuron,25.1,"InChI=1S/C15H15ClN2O2/c1-18(2)15(19)17-12-5-9-14(10-6-12)20-13-7-3-11(16)4-8-13/h3-10H,1-2H3,(H,17,19)"
Lenacil,23.6,"InChI=1S/C13H18N2O2/c16-12-10-7-4-8-11(10)14-13(17)15(12)9-5-2-1-3-6-9/h9H,1-8H2,(H,14,17)"
Ametryn,22.1,"InChI=1S/C9H17N5S/c1-5-10-7-12-8(11-6(2)3)14-9(13-7)15-4/h6H,5H2,1-4H3,(H2,10,11,12,13,14)"
Carbendazim,13.7,"InChI=1S/C9H9N3O2/c1-14-9(13)12-8-10-6-4-2-3-5-7(6)11-8/h2-5H,1H3,(H2,10,11,12,13)"
"2,6-Dichlorobenzamide",14.7,"InChI=1S/C7H5Cl2NO/c8-4-2-1-3-5(9)6(4)7(10)11/h1-3H,(H2,10,11)"
"3,4-Dichlorophenylurea",22.8,"InChI=1S/C7H6Cl2N2O/c8-5-2-1-4(3-6(5)9)11-7(10)12/h1-3H,(H3,10,11,12)"
Metolachlor OA,23.8,"InChI=1S/C15H21NO4/c1-5-12-8-6-7-10(2)13(12)16(11(3)9-20-4)14(17)15(18)19/h6-8,11H,5,9H2,1-4H3,(H,18,19)"
Metolachlor ESA,22.9,"InChI=1S/C15H23NO5S/c1-5-13-8-6-7-11(2)15(13)16(12(3)9-21-4)14(17)10-22(18,19)20/h6-8,12H,5,9-10H2,1-4H3,(H,18,19,20)"
Quinoxyfen,27.7,InChI=1S/C15H8Cl2FNO/c16-9-7-12(17)15-13(8-9)19-6-5-14(15)20-11-3-1-10(18)2-4-11/h1-8H
Clomazone,23.9,"InChI=1S/C12H14ClNO2/c1-12(2)8-16-14(11(12)15)7-9-5-3-4-6-10(9)13/h3-6H,7-8H2,1-2H3"
Methiocarb,24.5,"InChI=1S/C11H15NO2S/c1-7-5-9(14-11(13)12-3)6-8(2)10(7)15-4/h5-6H,1-4H3,(H,12,13)"
Prochloraz,25.8,"InChI=1S/C15H16Cl3N3O2/c1-2-4-20(15(22)21-5-3-19-10-21)6-7-23-14-12(17)8-11(16)9-13(14)18/h3,5,8-10H,2,4,6-7H2,1H3"
Pendimethalin,28.0,"InChI=1S/C13H19N3O4/c1-5-10(6-2)14-12-11(15(17)18)7-8(3)9(4)13(12)16(19)20/h7,10,14H,5-6H2,1-4H3"
Boscalid,24.4,"InChI=1S/C18H12Cl2N2O/c19-13-9-7-12(8-10-13)14-4-1-2-6-16(14)22-18(23)15-5-3-11-21-17(15)20/h1-11H,(H,22,23)"
Prothioconazole-desthio,25.6,"InChI=1S/C14H15Cl2N3O/c15-12-4-2-1-3-11(12)7-14(20,13(16)5-6-13)8-19-10-17-9-18-19/h1-4,9-10,20H,5-8H2"
Pethoxamid,25.3,"InChI=1S/C16H22ClNO2/c1-4-20-11-10-18(15(19)12-17)16(13(2)3)14-8-6-5-7-9-14/h5-9H,4,10-12H2,1-3H3"
Prosulfocarb,27.1,"InChI=1S/C14H21NOS/c1-3-10-15(11-4-2)14(16)17-12-13-8-6-5-7-9-13/h5-9H,3-4,10-12H2,1-2H3"
Flurtamone,24.9,"InChI=1S/C18H14F3NO2/c1-22-17-14(12-8-5-9-13(10-12)18(19,20)21)15(23)16(24-17)11-6-3-2-4-7-11/h2-10,16,22H,1H3"
Picolinafen,27.4,"InChI=1S/C19H12F4N2O2/c20-13-7-9-14(10-8-13)24-18(26)16-5-2-6-17(25-16)27-15-4-1-3-12(11-15)19(21,22)23/h1-11H,(H,24,26)"
Naproxen,24.3,"InChI=1S/C14H14O3/c1-9(14(15)16)10-3-4-12-8-13(17-2)6-5-11(12)7-10/h3-9H,1-2H3,(H,15,16)"
Ciprofloxacin,16.4,"InChI=1S/C17H18FN3O3/c18-13-7-11-14(8-15(13)20-5-3-19-4-6-20)21(10-1-2-10)9-12(16(11)22)17(23)24/h7-10,19H,1-6H2,(H,23,24)"
Phenazone,17.0,"InChI=1S/C11H12N2O/c1-9-8-11(14)13(12(9)2)10-6-4-3-5-7-10/h3-8H,1-2H3"
Bezafibrate,24.1,"InChI=1S/C19H20ClNO4/c1-19(2,18(23)24)25-16-9-3-13(4-10-16)11-12-21-17(22)14-5-7-15(20)8-6-14/h3-10H,11-12H2,1-2H3,(H,21,22)(H,23,24)"
Propyphenazon,22.2,"InChI=1S/C14H18N2O/c1-10(2)13-11(3)15(4)16(14(13)17)12-8-6-5-7-9-12/h5-10H,1-4H3"
Metoprolol,17.0,"InChI=1S/C15H25NO3/c1-12(2)16-10-14(17)11-19-15-6-4-13(5-7-15)8-9-18-3/h4-7,12,14,16-17H,8-11H2,1-3H3"
Chloramphenicol,19.3,"InChI=1S/C11H12Cl2N2O5/c12-10(13)11(18)14-8(5-16)9(17)6-1-3-7(4-2-6)15(19)20/h1-4,8-10,16-17H,5H2,(H,14,18)"
Erythromycin,21.7,"InChI=1S/C37H67NO13/c1-14-25-37(10,45)30(41)20(4)27(39)18(2)16-35(8,44)32(51-34-28(40)24(38(11)12)15-19(3)47-34)21(5)29(22(6)33(43)49-25)50-26-17-36(9,46-13)31(42)23(7)48-26/h18-26,28-32,34,40-42,44-45H,14-17H2,1-13H3"
Ofloxacin,15.9,"InChI=1S/C18H20FN3O4/c1-10-9-26-17-14-11(16(23)12(18(24)25)8-22(10)14)7-13(19)15(17)21-5-3-20(2)4-6-21/h7-8,10H,3-6,9H2,1-2H3,(H,24,25)"
Atenolol,6.7,"InChI=1S/C14H22N2O3/c1-10(2)16-8-12(17)9-19-13-5-3-11(4-6-13)7-14(15)18/h3-6,10,12,16-17H,7-9H2,1-2H3,(H2,15,18)"
Furosemide,21.1,"InChI=1S/C12H11ClN2O5S/c13-9-5-10(15-6-7-2-1-3-20-7)8(12(16)17)4-11(9)21(14,18)19/h1-5,15H,6H2,(H,16,17)(H2,14,18,19)"
Paroxetine,21.6,"InChI=1S/C19H20FNO3/c20-15-3-1-13(2-4-15)17-7-8-21-10-14(17)11-22-16-5-6-18-19(9-16)24-12-23-18/h1-6,9,14,17,21H,7-8,10-12H2"
Propranolol,19.8,"InChI=1S/C16H21NO2/c1-12(2)17-10-14(18)11-19-16-9-5-7-13-6-3-4-8-15(13)16/h3-9,12,14,17-18H,10-11H2,1-2H3"
Verapamil,20.9,"InChI=1S/C27H38N2O4/c1-20(2)27(19-28,22-10-12-24(31-5)26(18-22)33-7)14-8-15-29(3)16-13-21-9-11-23(30-4)25(17-21)32-6/h9-12,17-18,20H,8,13-16H2,1-7H3"
4-Acetamidoantipyrin,15.2,"InChI=1S/C13H15N3O2/c1-9-12(14-10(2)17)13(18)16(15(9)3)11-7-5-4-6-8-11/h4-8H,1-3H3,(H,14,17)"
4-Aminoantipyrin,7.6,"InChI=1S/C11H13N3O/c1-8-10(12)11(15)14(13(8)2)9-6-4-3-5-7-9/h3-7H,12H2,1-2H3"
Diazepam,24.4,"InChI=1S/C16H13ClN2O/c1-19-14-8-7-12(17)9-13(14)16(18-10-15(19)20)11-5-3-2-4-6-11/h2-9H,10H2,1H3"
Clarithromycin,22.9,"InChI=1S/C38H69NO13/c1-15-26-38(10,45)31(42)21(4)28(40)19(2)17-37(9,47-14)33(52-35-29(41)25(39(11)12)16-20(3)48-35)22(5)30(23(6)34(44)50-26)51-27-18-36(8,46-13)32(43)24(7)49-27/h19-27,29-33,35,41-43,45H,15-18H2,1-14H3"
Ketoprofen,23.8,"InChI=1S/C16H14O3/c1-11(16(18)19)13-8-5-9-14(10-13)15(17)12-6-3-2-4-7-12/h2-11H,1H3,(H,18,19)"
Sulfamethoxazole,17.0,"InChI=1S/C10H11N3O3S/c1-7-6-10(12-16-7)13-17(14,15)9-4-2-8(11)3-5-9/h2-6H,11H2,1H3,(H,12,13)"
Sulfapyridine,13.1,"InChI=1S/C11H11N3O2S/c12-9-4-6-10(7-5-9)17(15,16)14-11-3-1-2-8-13-11/h1-8H,12H2,(H,13,14)"
Caffeine,16.1,"InChI=1S/C8H10N4O2/c1-10-4-9-6-5(10)7(13)12(3)8(14)11(6)2/h4H,1-3H3"
2-(2-(Chlorophenyl)amino)benzaldehyde,26.6,"InChI=1S/C13H10ClNO/c14-11-6-2-4-8-13(11)15-12-7-3-1-5-10(12)9-16/h1-9,15H"
Acetaminophen,9.0,"InChI=1S/C8H9NO2/c1-6(10)9-7-2-4-8(11)5-3-7/h2-5,11H,1H3,(H,9,10)"
Carbamazepine,21.9,"InChI=1S/C15H12N2O/c16-15(18)17-13-7-3-1-5-11(13)9-10-12-6-2-4-8-14(12)17/h1-10H,(H2,16,18)"
Diclofenac,26.0,"InChI=1S/C14H11Cl2NO2/c15-10-5-3-6-11(16)14(10)17-12-7-2-1-4-9(12)8-13(18)19/h1-7,17H,8H2,(H,18,19)"
Mefenamic acid,27.0,"InChI=1S/C15H15NO2/c1-10-6-5-9-13(11(10)2)16-14-8-4-3-7-12(14)15(17)18/h3-9,16H,1-2H3,(H,17,18)"
Primidone,18.4,"InChI=1S/C12H14N2O2/c1-2-12(9-6-4-3-5-7-9)10(15)13-8-14-11(12)16/h3-7H,2,8H2,1H3,(H,13,15)(H,14,16)"
Enrofloxacin,16.8,"InChI=1S/C19H22FN3O3/c1-2-21-5-7-22(8-6-21)17-10-16-13(9-15(17)20)18(24)14(19(25)26)11-23(16)12-3-4-12/h9-12H,2-8H2,1H3,(H,25,26)"
Roxithromycin,23.1,"InChI=1S/C41H76N2O15/c1-15-29-41(10,49)34(45)24(4)31(42-53-21-52-17-16-50-13)22(2)19-39(8,48)36(58-38-32(44)28(43(11)12)18-23(3)54-38)25(5)33(26(6)37(47)56-29)57-30-20-40(9,51-14)35(46)27(7)55-30/h22-30,32-36,38,44-46,48-49H,15-21H2,1-14H3"
Pindolol,14.0,"InChI=1S/C14H20N2O2/c1-10(2)16-8-11(17)9-18-14-5-3-4-13-12(14)6-7-15-13/h3-7,10-11,15-17H,8-9H2,1-2H3"
Sulfamethazine,15.7,"InChI=1S/C12H14N4O2S/c1-8-7-9(2)15-12(14-8)16-19(17,18)11-5-3-10(13)4-6-11/h3-7H,13H2,1-2H3,(H,14,15,16)"
Ketoconazole,21.8,"InChI=1S/C26H28Cl2N4O4/c1-19(33)31-10-12-32(13-11-31)21-3-5-22(6-4-21)34-15-23-16-35-26(36-23,17-30-9-8-29-18-30)24-7-2-20(27)14-25(24)28/h2-9,14,18,23H,10-13,15-17H2,1H3"
Fluoxetine,21.8,"InChI=1S/C17H18F3NO/c1-21-12-11-16(13-5-3-2-4-6-13)22-15-9-7-14(8-10-15)17(18,19)20/h2-10,16,21H,11-12H2,1H3"
Lidocaine,14.5,"InChI=1S/C14H22N2O/c1-5-16(6-2)10-13(17)15-14-11(3)8-7-9-12(14)4/h7-9H,5-6,10H2,1-4H3,(H,15,17)"
Tramadol,16.7,"InChI=1S/C16H25NO2/c1-17(2)12-14-7-4-5-10-16(14,18)13-8-6-9-15(11-13)19-3/h6,8-9,11,14,18H,4-5,7,10,12H2,1-3H3"
Dimethylaminophenazone,7.8,"InChI=1S/C13H17N3O/c1-10-12(14(2)3)13(17)16(15(10)4)11-8-6-5-7-9-11/h5-9H,1-4H3"
Lincomycin,13.9,"InChI=1S/C18H34N2O6S/c1-5-6-10-7-11(20(3)8-10)17(25)19-12(9(2)21)16-14(23)13(22)15(24)18(26-16)27-4/h9-16,18,21-24H,5-8H2,1-4H3,(H,19,25)"
Trimethoprim,14.9,"InChI=1S/C14H18N4O3/c1-19-10-5-8(6-11(20-2)12(10)21-3)4-9-7-17-14(16)18-13(9)15/h5-7H,4H2,1-3H3,(H4,15,16,17,18)"
4-Formyl-antipyrine,14.9,"InChI=1S/C12H12N2O2/c1-9-11(8-15)12(16)14(13(9)2)10-6-4-3-5-7-10/h3-8H,1-2H3"
Crotamiton,24.5,"InChI=1S/C13H17NO/c1-4-8-13(15)14(5-2)12-10-7-6-9-11(12)3/h4,6-10H,5H2,1-3H3"
"10,11-Dihydro-10,11-dihydroxycarbamazepine",19.6,"InChI=1S/C15H14N2O3/c16-15(20)17-11-7-3-1-5-9(11)13(18)14(19)10-6-2-4-8-12(10)17/h1-8,13-14,18-19H,(H2,16,20)"
Cetirizine,23.0,"InChI=1S/C21H25ClN2O3/c22-19-8-6-18(7-9-19)21(17-4-2-1-3-5-17)24-12-10-23(11-13-24)14-15-27-16-20(25)26/h1-9,21H,10-16H2,(H,25,26)"
2-Hydroxycarbamazepine,19.7,"InChI=1S/C15H12N2O2/c16-15(19)17-13-4-2-1-3-10(13)5-6-11-9-12(18)7-8-14(11)17/h1-9,18H,(H2,16,19)"
N-Formyl-4-aminoantipyrine,14.6,"InChI=1S/C12H13N3O2/c1-9-11(13-8-16)12(17)15(14(9)2)10-6-4-3-5-7-10/h3-8H,1-2H3,(H,13,16)"
Gabapentin,11.9,"InChI=1S/C9H17NO2/c10-7-9(6-8(11)12)4-2-1-3-5-9/h1-7,10H2,(H,11,12)"
Finasteride,25.0,"InChI=1S/C23H36N2O2/c1-21(2,3)25-20(27)17-8-7-15-14-6-9-18-23(5,13-11-19(26)24-18)16(14)10-12-22(15,17)4/h11,13-18H,6-10,12H2,1-5H3,(H,24,26)(H,25,27)"
Diphenhydramine,20.0,"InChI=1S/C17H21NO/c1-18(2)13-14-19-17(15-9-5-3-6-10-15)16-11-7-4-8-12-16/h3-12,17H,13-14H2,1-2H3"
Acetyl-sulfamethoxazole,19.1,"InChI=1S/C12H13N3O4S/c1-8-7-12(14-19-8)15-20(17,18)11-5-3-10(4-6-11)13-9(2)16/h3-7H,1-2H3,(H,13,16)(H,14,15)"
Citalopram,20.0,"InChI=1S/C20H21FN2O/c1-23(2)11-3-10-20(17-5-7-18(21)8-6-17)19-9-4-15(13-22)12-16(19)14-24-20/h4-9,12H,3,10-11,14H2,1-2H3"
Cyclophosphamide,20.3,"InChI=1S/C7H15Cl2N2O2P/c8-2-5-11(6-3-9)14(12)10-4-1-7-13-14/h1-7H2,(H,10,12)"
Ranitidine,6.9,"InChI=1S/C13H22N4O3S/c1-14-13(9-17(18)19)15-6-7-21-10-12-5-4-11(20-12)8-16(2)3/h4-5,9,14-15H,6-8,10H2,1-3H3"
Metformin,2.1,"InChI=1S/C4H11N5/c1-9(2)4(7)8-3(5)6/h1-2H3,(H5,5,6,7,8)"
Creatinine,2.2,"InChI=1S/C4H7N3O/c1-7-2-3(8)6-4(7)5/h2H2,1H3,(H2,5,6,8)"
Desphenyl chloridazon,3.6,"InChI=1S/C4H4ClN3O/c5-3-2(6)1-7-8-4(3)9/h1H,(H3,6,8,9)"
N-Nitrosomorpholine,4.4,InChI=1S/C4H8N2O2/c7-5-6-1-3-8-4-2-6/h1-4H2
Mycophenolic acid,23.9,"InChI=1S/C17H20O6/c1-9(5-7-13(18)19)4-6-11-15(20)14-12(8-23-17(14)21)10(2)16(11)22-3/h4,20H,5-8H2,1-3H3,(H,18,19)"
Capecitabine,22.0,"InChI=1S/C15H22FN3O6/c1-3-4-5-6-24-15(23)18-12-9(16)7-19(14(22)17-12)13-11(21)10(20)8(2)25-13/h7-8,10-11,13,20-21H,3-6H2,1-2H3,(H,17,18,22,23)"
(-)-Cotinine,2.6,"InChI=1S/C10H12N2O/c1-12-9(4-5-10(12)13)8-3-2-6-11-7-8/h2-3,6-7,9H,4-5H2,1H3"
Sotalol,4.8,"InChI=1S/C12H20N2O3S/c1-9(2)13-8-12(15)10-4-6-11(7-5-10)14-18(3,16)17/h4-7,9,12-15H,8H2,1-3H3"
Iminostilbene,25.1,"InChI=1S/C14H11N/c1-3-7-13-11(5-1)9-10-12-6-2-4-8-14(12)15-13/h1-10,15H"
Isophorondiamine,2.2,"InChI=1S/C10H22N2/c1-9(2)4-8(12)5-10(3,6-9)7-11/h8H,4-7,11-12H2,1-3H3"
4-Aminoacetanilide,2.3,"InChI=1S/C8H10N2O/c1-6(11)10-8-4-2-7(9)3-5-8/h2-5H,9H2,1H3,(H,10,11)"
4-Aminobenzamide,2.9,"InChI=1S/C7H8N2O/c8-6-3-1-5(2-4-6)7(9)10/h1-4H,8H2,(H2,9,10)"
N-Isopropyl-N-phenyl-p-phenylenediamine,12.9,"InChI=1S/C15H18N2/c1-12(2)16-14-8-10-15(11-9-14)17-13-6-4-3-5-7-13/h3-12,16-17H,1-2H3"
4-Chloroaniline,8.8,"InChI=1S/C6H6ClN/c7-5-1-3-6(8)4-2-5/h1-4H,8H2"
N-Phenyl-1-naphthylamine,26.8,"InChI=1S/C16H13N/c1-2-9-14(10-3-1)17-16-12-6-8-13-7-4-5-11-15(13)16/h1-12,17H"
O-Dianisidine,9.3,"InChI=1S/C14H16N2O2/c1-17-13-7-9(3-5-11(13)15)10-4-6-12(16)14(8-10)18-2/h3-8H,15-16H2,1-2H3"
4-Aminoazobenzene,24.3,"InChI=1S/C12H11N3/c13-10-6-8-12(9-7-10)15-14-11-4-2-1-3-5-11/h1-9H,13H2"
"4,4'-Methylen-bis(2-methyl aniline)",19.6,"InChI=1S/C15H18N2/c1-10-7-12(3-5-14(10)16)9-13-4-6-15(17)11(2)8-13/h3-8H,9,16-17H2,1-2H3"
"4,4'-Thiodianiline",16.2,"InChI=1S/C12H12N2S/c13-9-1-5-11(6-2-9)15-12-7-3-10(14)4-8-12/h1-8H,13-14H2"
Michler's ketone,25.8,"InChI=1S/C17H20N2O/c1-18(2)15-9-5-13(6-10-15)17(20)14-7-11-16(12-8-14)19(3)4/h5-12H,1-4H3"
4-Isopropylaniline,17.0,"InChI=1S/C9H13N/c1-7(2)8-3-5-9(10)6-4-8/h3-7H,10H2,1-2H3"
"2,6-Xylidine",13.3,"InChI=1S/C8H11N/c1-6-4-3-5-7(2)8(6)9/h3-5H,9H2,1-2H3"
Amantadine,15.7,"InChI=1S/C10H17N/c11-10-4-7-1-8(5-10)3-9(2-7)6-10/h7-9H,1-6,11H2"
Estrone,24.3,"InChI=1S/C18H22O2/c1-18-9-8-14-13-5-3-12(19)10-11(13)2-4-15(14)16(18)6-7-17(18)20/h3,5,10,14-16,19H,2,4,6-9H2,1H3"
17beta estradiol,24.4,"InChI=1S/C18H24O2/c1-18-9-8-14-13-5-3-12(19)10-11(13)2-4-15(14)16(18)6-7-17(18)20/h3,5,10,14-17,19-20H,2,4,6-9H2,1H3"
Norethisterone,24.7,"InChI=1S/C20H26O2/c1-3-20(22)11-9-18-17-6-4-13-12-14(21)5-7-15(13)16(17)8-10-19(18,20)2/h1,12,15-18,22H,4-11H2,2H3"
Progesterone,26.2,"InChI=1S/C21H30O2/c1-13(22)17-6-7-18-16-5-4-14-12-15(23)8-10-20(14,2)19(16)9-11-21(17,18)3/h12,16-19H,4-11H2,1-3H3"
Cholic acid,26.6,"InChI=1S/C24H40O5/c1-13(4-7-21(28)29)16-5-6-17-22-18(12-20(27)24(16,17)3)23(2)9-8-15(25)10-14(23)11-19(22)26/h13-20,22,25-27H,4-12H2,1-3H3,(H,28,29)"
Cortisone,22.8,"InChI=1S/C21H28O5/c1-19-7-5-13(23)9-12(19)3-4-14-15-6-8-21(26,17(25)11-22)20(15,2)10-16(24)18(14)19/h9,14-15,18,22,26H,3-8,10-11H2,1-2H3"
Dexamethasone,23.4,"InChI=1S/C22H29FO5/c1-12-8-16-15-5-4-13-9-14(25)6-7-19(13,2)21(15,23)17(26)10-20(16,3)22(12,28)18(27)11-24/h6-7,9,12,15-17,24,26,28H,4-5,8,10-11H2,1-3H3"
Ethyl paraben,22.2,"InChI=1S/C9H10O3/c1-2-12-9(11)7-3-5-8(10)6-4-7/h3-6,10H,2H2,1H3"
Prednisolone,22.8,"InChI=1S/C21H28O5/c1-19-7-5-13(23)9-12(19)3-4-14-15-6-8-21(26,17(25)11-22)20(15,2)10-16(24)18(14)19/h5,7,9,14-16,18,22,24,26H,3-4,6,8,10-11H2,1-2H3"
Butyl paraben,24.7,"InChI=1S/C11H14O3/c1-2-3-8-14-11(13)9-4-6-10(12)7-5-9/h4-7,12H,2-3,8H2,1H3"
2-Hyroxybiphenyl,25.8,"InChI=1S/C12H10O/c13-12-9-5-4-8-11(12)10-6-2-1-3-7-10/h1-9,13H"
Testosterone,25.0,"InChI=1S/C19H28O2/c1-18-9-7-13(20)11-12(18)3-4-14-15-5-6-17(21)19(15,2)10-8-16(14)18/h11,14-17,21H,3-10H2,1-2H3"
Diethylstilbestrol,24.9,"InChI=1S/C18H20O2/c1-3-17(13-5-9-15(19)10-6-13)18(4-2)14-7-11-16(20)12-8-14/h5-12,19-20H,3-4H2,1-2H3"
Genistein,23.1,"InChI=1S/C15H10O5/c16-9-3-1-8(2-4-9)11-7-20-13-6-10(17)5-12(18)14(13)15(11)19/h1-7,16-18H"
Daidzein,21.7,"InChI=1S/C15H10O4/c16-10-3-1-9(2-4-10)13-8-19-14-7-11(17)5-6-12(14)15(13)18/h1-8,16-17H"
Canrenone,24.6,"InChI=1S/C22H28O3/c1-20-9-5-15(23)13-14(20)3-4-16-17(20)6-10-21(2)18(16)7-11-22(21)12-8-19(24)25-22/h3-4,13,16-18H,5-12H2,1-2H3"
Androstenedione,24.3,"InChI=1S/C19H26O2/c1-18-9-7-13(20)11-12(18)3-4-14-15-5-6-17(21)19(15,2)10-8-16(14)18/h11,14-16H,3-10H2,1-2H3"
Epiandrosterone,26.5,"InChI=1S/C19H30O2/c1-18-9-7-13(20)11-12(18)3-4-14-15-5-6-17(21)19(15,2)10-8-16(14)18/h12-16,20H,3-11H2,1-2H3"
Triethyl citrate,21.0,"InChI=1S/C12H20O7/c1-4-17-9(13)7-12(16,11(15)19-6-3)8-10(14)18-5-2/h16H,4-8H2,1-3H3"
"4-Amino-N,N-dimethylbenzenesulfonamide",16.1,"InChI=1S/C8H12N2O2S/c1-10(2)13(11,12)8-5-3-7(9)4-6-8/h3-6H,9H2,1-2H3"
2-Methylbenzothiazole,22.8,"InChI=1S/C8H7NS/c1-6-9-7-4-2-3-5-8(7)10-6/h2-5H,1H3"
Phenylbenzimidazolesulfonic acid,14.8,"InChI=1S/C13H10N2O3S/c16-19(17,18)10-6-7-11-12(8-10)15-13(14-11)9-4-2-1-3-5-9/h1-8H,(H,14,15)(H,16,17,18)"
2-Mercapto benzimidazole,16.3,"InChI=1S/C7H6N2S/c10-7-8-5-3-1-2-4-6(5)9-7/h1-4H,(H2,8,9,10)"
Triphenyl phosphate,26.3,"InChI=1S/C18H15O4P/c19-23(20-16-10-4-1-5-11-16,21-17-12-6-2-7-13-17)22-18-14-8-3-9-15-18/h1-15H"
"N,N-Diethyl-m-toluamide",23.2,"InChI=1S/C12H17NO/c1-4-13(5-2)12(14)11-8-6-7-10(3)9-11/h6-9H,4-5H2,1-3H3"
1H-Benzotriazole,16.8,"InChI=1S/C6H5N3/c1-2-4-6-5(3-1)7-9-8-6/h1-4H,(H,7,8,9)"
Di(ethylhexyl) phthalate,31.6,"InChI=1S/C24H38O4/c1-5-9-11-15-19(7-3)27-23(25)21-17-13-14-18-22(21)24(26)28-20(8-4)16-12-10-6-2/h13-14,17-20H,5-12,15-16H2,1-4H3"
N-Butylbenzenesulfonamide,25.1,"InChI=1S/C10H15NO2S/c1-2-3-9-11-14(12,13)10-7-5-4-6-8-10/h4-8,11H,2-3,9H2,1H3"
Dibutyl phthalate,27.1,"InChI=1S/C16H22O4/c1-3-5-11-19-15(17)13-9-7-8-10-14(13)16(18)20-12-6-4-2/h7-10H,3-6,11-12H2,1-2H3"
2-Isopropylthioxanthon,28.3,"InChI=1S/C16H14OS/c1-10(2)11-7-5-9-14-15(11)16(17)12-6-3-4-8-13(12)18-14/h3-10H,1-2H3"
5-Methyl-1H-benzotriazole,19.4,"InChI=1S/C7H7N3/c1-5-2-3-6-7(4-5)9-10-8-6/h2-4H,1H3,(H,8,9,10)"
4-Benzophenone,21.0,"InChI=1S/C14H12O6S/c1-20-12-8-11(15)10(7-13(12)21(17,18)19)14(16)9-5-3-2-4-6-9/h2-8,15H,1H3,(H,17,18,19)"
Iodopropynyl butylcarbamate,23.0,"InChI=1S/C8H12INO2/c1-2-3-6-10-8(11)12-7-4-5-9/h2-3,6-7H2,1H3,(H,10,11)"
p-Toluenesulfonamide,16.7,"InChI=1S/C7H9NO2S/c1-6-2-4-7(5-3-6)11(8,9)10/h2-5H,1H3,(H2,8,9,10)"
Tri(butoxyethyl)phosphate,27.2,"InChI=1S/C18H39O7P/c1-7-10-13-20-16(4)23-26(19,24-17(5)21-14-11-8-2)25-18(6)22-15-12-9-3/h16-18H,7-15H2,1-6H3"
Triclocarban,26.8,"InChI=1S/C13H9Cl3N2O/c14-8-1-3-9(4-2-8)17-13(19)18-10-5-6-11(15)12(16)7-10/h1-7H,(H2,17,18,19)"
Triisobutyl phosphate,26.7,"InChI=1S/C12H27O4P/c1-10(2)7-14-17(13,15-8-11(3)4)16-9-12(5)6/h10-12H,7-9H2,1-6H3"
Tris(1-chloro-2-propyl)phosphate,24.5,"InChI=1S/C9H18Cl3O4P/c1-7(4-10)14-17(13,15-8(2)5-11)16-9(3)6-12/h7-9H,4-6H2,1-3H3"
4-Methylumbelliferone,20.1,"InChI=1S/C10H8O3/c1-6-4-10(12)13-9-5-7(11)2-3-8(6)9/h2-5,11H,1H3"
Triphenylphosphine oxid,23.9,"InChI=1S/C18H15OP/c19-20(16-10-4-1-5-11-16,17-12-6-2-7-13-17)18-14-8-3-9-15-18/h1-15H"
"4(1H)-Pyrimidinone, 6-methyl-2-(1-methylethyl)-",12.4,"InChI=1S/C8H12N2O/c1-5(2)8-9-6(3)4-7(11)10-8/h4-5H,1-3H3,(H,9,10,11)"
"Benzenesulfonamide, N-ethyl-4-methyl-",21.2,"InChI=1S/C9H13NO2S/c1-3-10-13(11,12)9-6-4-8(2)5-7-9/h4-7,10H,3H2,1-2H3"
2-(Methylthio)benzothiazole,24.8,"InChI=1S/C8H7NS2/c1-10-8-9-6-4-2-3-5-7(6)11-8/h2-5H,1H3"
4-Hydroxybenzotriazole,13.3,"InChI=1S/C6H5N3O/c10-5-3-1-2-4-6(5)8-9-7-4/h1-3,10H,(H,7,8,9)"
2-Octyl-4-isothiazolin-3-one,25.1,"InChI=1S/C11H19NOS/c1-2-3-4-5-6-7-9-12-11(13)8-10-14-12/h8,10H,2-7,9H2,1H3"
Tris(2-chloroethyl)phosphate,21.6,"InChI=1S/C6H12Cl3O4P/c7-1-4-11-14(10,12-5-2-8)13-6-3-9/h1-6H2"
Monobenzyl phthalate,23.5,"InChI=1S/C15H12O4/c16-14(17)12-8-4-5-9-13(12)15(18)19-10-11-6-2-1-3-7-11/h1-9H,10H2,(H,16,17)"
Monoethyl phthalate,19.9,"InChI=1S/C10H10O4/c1-2-14-10(13)8-6-4-3-5-7(8)9(11)12/h3-6H,2H2,1H3,(H,11,12)"
Mono-iso-butyl phthalate,23.3,"InChI=1S/C12H14O4/c1-8(2)7-16-12(15)10-6-4-3-5-9(10)11(13)14/h3-6,8H,7H2,1-2H3,(H,13,14)"
Icaridin,23.9,"InChI=1S/C12H23NO3/c1-3-10(2)16-12(15)13-8-5-4-6-11(13)7-9-14/h10-11,14H,3-9H2,1-2H3"
Benzothiazole,21.2,InChI=1S/C7H5NS/c1-2-4-7-6(3-1)8-5-9-7/h1-5H
2-Benzothiazolsulfonic acid,16.8,"InChI=1S/C7H5NO3S2/c9-13(10,11)7-8-5-3-1-2-4-6(5)12-7/h1-4H,(H,9,10,11)"
Chlorophene,25.9,"InChI=1S/C13H11ClO/c14-12-6-7-13(15)11(9-12)8-10-4-2-1-3-5-10/h1-7,9,15H,8H2"
Bisphenol S,19.2,"InChI=1S/C12H10O4S/c13-9-1-5-11(6-2-9)17(15,16)12-7-3-10(14)4-8-12/h1-8,13-14H"
Acid orange 7 (free acid),25.6,"InChI=1S/C16H12N2O4S/c19-15-10-5-11-3-1-2-4-14(11)16(15)18-17-12-6-8-13(9-7-12)23(20,21)22/h1-10,19H,(H,20,21,22)"
2-Naphthalene sulfonic acid,18.8,"InChI=1S/C10H8O3S/c11-14(12,13)10-6-5-8-3-1-2-4-9(8)7-10/h1-7H,(H,11,12,13)"
Triclosan,27.0,"InChI=1S/C12H7Cl3O2/c13-7-1-3-11(9(15)5-7)17-12-4-2-8(14)6-10(12)16/h1-6,16H"
Perfluorobutanoic acid,17.0,"InChI=1S/C4HF7O2/c5-2(6,1(12)13)3(7,8)4(9,10)11/h(H,12,13)"
Tetrachlorosalicylanilide,29.3,"InChI=1S/C13H7Cl4NO2/c14-8-7(12(19)11(17)10(16)9(8)15)13(20)18-6-4-2-1-3-5-6/h1-5,19H,(H,18,20)"
